Group,Res Freq GHz,Repeat Freq Std,Validation Freq Dev,Baseline Freq Unc,Total Freq Unc,Min S21 dB,Repeat Mag Std,Validation Mag Dev,Baseline Mag Unc,Total Mag Unc
Baseline,2.5082,0.0017999999999998,0.00277128129211016,0.00372,0.00497578134567819,-24.6447894877194,0.160423573651987,0.135456616777025,0.062,0.218925142484714
Condition 1,2.483,0,0.00277128129211016,0.00372,0.00463879294644628,-23.7427478376438,0.127735514770153,0.135456616777025,0.062,0.196236736525743
Condition 2,2.4728,0.000599999999999934,0.00277128129211016,0.00372,0.00467743519463388,-23.421064944778,0.230957033836351,0.135456616777025,0.062,0.274833852549433
